userId,NumRatingsUser,Rating_pct_user
8405.0,600.0,0.019217951103767006
118205.0,598.0,0.01915389126675445
88604.0,596.0,0.019089831429741893
