method,k,MAE,RMSE
PCA mean-fill,5,0.3614840756881602,0.5604879786425603
SVD (truncated),5,0.3625863331753043,0.5617873621503056
PCA mean-fill,20,0.347365009403747,0.5263276041506451
SVD (truncated),20,0.3479381138032666,0.5267170718060992
PCA mean-fill,50,0.3293363984881116,0.4910769602317416
SVD (truncated),50,0.3295872412479916,0.491255486045218
PCA mean-fill,100,0.3048997805095852,0.4464289960634651
SVD (truncated),100,0.3051066963514033,0.4465569627144944
