userId,movieId,true_rating,pred_rating
8405.0,1562.0,1.5,1.2765271731602459
8405.0,2701.0,1.5,1.120808964111108
118205.0,1562.0,3.0,2.7230002965326885
118205.0,2701.0,2.0,2.4401490141245574
88604.0,1562.0,2.0,1.9013978679663353
88604.0,2701.0,2.0,1.9258811905904323
