userId,movieId,true_rating,pred_rating,Part2_pred_top10,diff
8405.0,1562.0,1.5,1.3473778237115954,1.797,0.4496221762884045
8405.0,2701.0,1.5,1.2749124833134355,1.798,0.5230875166865645
88604.0,1562.0,2.0,1.9144785021786084,2.353,0.4385214978213918
88604.0,2701.0,2.0,1.9194561587646437,2.253,0.3335438412353564
118205.0,1562.0,3.0,2.4957924246798044,2.948,0.4522075753201955
118205.0,2701.0,2.0,2.4491748338190025,2.857,0.40782516618099773
