userId,I1_predicted_top5,I2_predicted_top5,I1_predicted_top10,I2_predicted_top10,I1_diff,I2_diff
8405,1.62,1.7,1.797,1.798,0.17699999999999982,0.09800000000000009
118205,2.81,3.1,2.948,2.857,0.1379999999999999,0.24299999999999988
88604,2.31,2.3,2.353,2.253,0.04300000000000015,0.04699999999999971
