userId,movieId,true_rating,pred_rating,Part2_pred_top5,diff
8405.0,1562.0,1.5,1.3473778237115954,1.62,0.2726221762884047
8405.0,2701.0,1.5,1.2749124833134355,1.7,0.4250875166865644
88604.0,1562.0,2.0,1.9144785021786084,2.31,0.3955214978213917
88604.0,2701.0,2.0,1.9194561587646437,2.3,0.3805438412353561
118205.0,1562.0,3.0,2.4957924246798044,2.81,0.3142075753201956
118205.0,2701.0,2.0,2.4491748338190025,3.1,0.6508251661809976
