k,MAE,RMSE
5,0.36148407568816027,0.5604879786425603
20,0.34736500940374704,0.5263276041506451
50,0.3293363984881116,0.49107696023174163
100,0.30489978050958527,0.4464289960634651
