userId,movieId,true_rating,pred_rating
8405.0,1562.0,1.5,1.3473778237115954
8405.0,2701.0,1.5,1.2749124833134355
118205.0,1562.0,3.0,2.4957924246798044
118205.0,2701.0,2.0,2.4491748338190025
88604.0,1562.0,2.0,1.9144785021786084
88604.0,2701.0,2.0,1.9194561587646435
