k,MAE,RMSE
5,0.3625863331753043,0.5617873621503056
20,0.3479381138032666,0.5267170718060992
50,0.3295872412479916,0.491255486045218
100,0.3051066963514033,0.4465569627144944
