factor,singular_value,explained_energy_ratio
1,9102.793395623705,0.9728665309647253
2,321.34225309890354,0.0012123822242851886
3,220.1210757547141,0.000568888486727236
