method,k,userId,movieId,true_rating,pred_rating_itemMean,pred_rating_userMean,abs_diff_pred,err_item,err_user
SVD+ItemMean,20,8405.0,1562.0,1.5,1.3601192152563797,0.8468027346009178,0.5133164806554619,0.1398807847436203,0.6531972653990822
SVD+ItemMean,20,8405.0,2701.0,1.5,1.2720578918475305,0.7963184618521835,0.475739429995347,0.2279421081524695,0.7036815381478165
SVD+ItemMean,20,118205.0,1562.0,3.0,2.5272366934662505,2.428369030387563,0.09886766307868733,0.47276330653374954,0.5716309696124369
SVD+ItemMean,20,118205.0,2701.0,2.0,2.457160132438985,2.0897799146812472,0.3673802177577379,-0.4571601324389851,-0.08977991468124724
SVD+ItemMean,20,88604.0,1562.0,2.0,1.9297604976258973,1.6126128359954797,0.31714766163041763,0.0702395023741027,0.38738716400452033
SVD+ItemMean,20,88604.0,2701.0,2.0,1.919659805236932,1.6079093393231512,0.31175046591378086,0.08034019476306797,0.39209066067684883
