method,k,userId,movieId,true_rating,pred_rating
SVD+UserMean,20,8405.0,1562.0,1.5,0.8468027346009178
SVD+UserMean,20,8405.0,2701.0,1.5,0.7963184618521835
SVD+UserMean,20,118205.0,1562.0,3.0,2.428369030387563
SVD+UserMean,20,118205.0,2701.0,2.0,2.0897799146812472
SVD+UserMean,20,88604.0,1562.0,2.0,1.6126128359954797
SVD+UserMean,20,88604.0,2701.0,2.0,1.6079093393231512
