method,k,userId,movieId,true_rating,pred_rating
SVD+ItemMean,20,8405.0,1562.0,1.5,1.3601192152563797
SVD+ItemMean,20,8405.0,2701.0,1.5,1.2720578918475303
SVD+ItemMean,20,118205.0,1562.0,3.0,2.5272366934662505
SVD+ItemMean,20,118205.0,2701.0,2.0,2.457160132438985
SVD+ItemMean,20,88604.0,1562.0,2.0,1.9297604976258973
SVD+ItemMean,20,88604.0,2701.0,2.0,1.9196598052369316
